First Name,Last Name,Gender,DOB ,Address,Mobile
arun, , , , , ,
arun, , , , ,
arun,kumar,male,2000-03-09,lingapura,7795801404
arun,kumar,male,2000-03-09,lingapura,7795801404
arun,kumar,male,2002-03-09,l@ingapura,7795801404
arun,kumar,male,2004-03-09,l$@#ingapura,7795801404
arun,kumar,male,2006-03-09,l$@#in&ga^pur*a,7795801404
arun,kumar,male,2007-03-09,l$@#in&ga^pur*a,8795801404
arun,kumar,male,2008-03-09,l$@#in&ga^pur*a,87958014042
arun,kumar,male,1995-03-09,l$@#in&ga^pur*a,895801404
arun,kumar,male,2009-03-09,l$@#in&ga^pur*a,7795801404
arun,kumar,male,1991-03-09,l$@#in&ga^pur*a,77958014044
arun,kumar,male,1992-03-09,l$@#in&ga^pur*a,779580140
arun,kumar,male,1993-03-09,l$@#in&ga^pur*a,9795801404
arun,kumar,male,1994-03-09,l$@#in&ga^pur*a,99795801404
arun,kumar,male,1995-03-09,l$@#in&ga^pur*a,995801404
arun,kumar,male,2995-03-09,l$@#in&ga^pur*a,995801404
arun,kumar,male,1924-03-09,l$@#in&ga^pur*a,995801404
arun,kumar,male,1926-03-09,l$@#in&ga^pur*a,995801404
